{
	"male": {
		"100m": [24.642211663306032, -837.7135408254417, 7119.312511439115],
		"200m": [5.083329625707261, -360.82603806429125, 6403.154333108113],
		"300m": [1.829657024743572, -209.30430382126315, 5985.805789925636],
		"400m": [1.0210130425533113, -161.30922380614228, 6371.289298870646],
		"500m": [0.5850277748046752, -121.67863906228227, 6326.928029804198],
		"110mH": [7.665206127559737, -395.41766965272814, 5099.522552244604],
		"400mH": [0.5459888468068074, -104.27877801290433, 4979.0687486813695],
		"4x100m": [1.2360320753944305, -171.79529610957889, 5969.43120529796],
		"4x200m": [0.29767755480817026, -85.72750621502024, 6172.130946413858],
		"4x400m": [0.05050072203695728, -33.733844212838996, 5633.4489902210735],
		"600m": [0.38569922829517006, -99.89240864576564, 6467.788691387558],
		"800m": [0.1980049254240585, -72.0713603906944, 6558.281603197367],
		"1000m": [0.11229987245967656, -53.34129687650294, 6334.142779327533],
		"1500m": [0.0406599253010078, -31.30773630023695, 6026.662254454716],
		"Mile": [0.03509967760328136, -29.13245625905042, 6044.924547012986],
		"2000m": [0.021810031812471986, -23.031167821416624, 6080.168871819922],
		"2000mSC": [0.010229985822195064, -13.50348479083264, 4456.117711620075],
		"3000m": [0.00815004993273754, -13.69198354232231, 5750.592463763799],
		"3000mSC": [0.004315997345851922, -8.804593368707275, 4490.321079709171],
		"2 Miles": [0.007029988518277339, -12.72140300138732, 5755.132718926127],
		"5000m": [0.0027779979454663965, -8.000608112338986, 5760.418712472609],
		"10,000m": [0.0005239994429298327, -3.301192525967539, 5199.37148642463],
		"5km": [0.002779112591439774, -8.002589937143137, 5760.829724555492],
		"10km": [0.0005243835511751897, -3.3026590281582715, 5200.274036312045],
		"15km": [0.00021619813225110676, -2.1046921445089604, 5122.299985161242],
		"10 Miles": [0.0001852498521025292, -1.944790502982623, 5104.302716211319],
		"20km": [0.00010849945387863847, -1.4544357630931, 4874.178186114255],
		"HM": [9.469710951085224e-5, -1.3521892901387154, 4827.020676450672],
		"25km": [6.159788828907938e-5, -1.074954576396239, 4689.793340437712],
		"30km": [3.890038254931293e-5, -0.8420747408268411, 4557.086860817636],
		"Marathon": [1.6449936485090577e-5, -0.5329612123519976, 4316.853726529633],
		"100km": [1.7649869023534054e-6, -0.17155533952026714, 4168.759475621119],
		"3kmW": [0.0013188638764628409, -4.232300411922057, 3395.346767514353],
		"5kmW": [0.00046733161702405503, -2.5226751352788876, 3404.4988360392717],
		"10kmW": [0.0001136988094988129, -1.2619474331486331, 3501.5994292764467],
		"15kmW": [4.9801244751950416e-5, -0.839591622697351, 3538.647116110989],
		"20kmW": [2.7350415738631154e-5, -0.6235597178340644, 3554.121990636882],
		"30kmW": [8.929872357657543e-6, -0.34129260578691917, 3260.977372942847],
		"35kmW": [6.140066929270516e-6, -0.27997970537317574, 3191.6897468939833],
		"50kmW": [2.1239897308494243e-6, -0.15802293332530976, 2939.190279159126],
		"3000mW": [0.001317997884138522, -4.230761878842669, 3395.177055089644],
		"5000mW": [0.0004669995672330805, -2.5217935388631654, 3404.415650269857],
		"10,000mW": [
			0.00011370001341666597, -1.2620689961633798, 3502.2382226412187
		],
		"15,000mW": [4.9799997394567045e-5, -0.8396274711970273, 3539.027702746491],
		"20,000mW": [2.735000253165078e-5, -0.6235797774558128, 3554.403148565988],
		"30,000mW": [8.92999895985068e-6, -0.3413044839757915, 3261.163590032467],
		"35,000mW": [6.139999670581815e-6, -0.27998393156726614, 3191.816162356196],
		"50,000mW": [
			2.123999976238692e-6, -0.15802557747097523, 2939.2753526785204
		],
		"HJ": [32.14570816337819, 745.374682614206, -705.2597334942088],
		"PV": [3.045719920883313, 239.61202669610608, -280.54122299350865],
		"LJ": [1.9310928729678085, 186.73134733630016, -479.70640445712684],
		"TJ": [0.4603666024043216, 90.96978768045469, -514.9946082621856],
		"SP": [0.042346143555001575, 57.99966265925928, -55.82361024619404],
		"DT": [0.004006312901617883, 17.89206050103094, -27.187774646021325],
		"HT": [0.0028444950947686615, 15.081627308138719, -21.68901198508537],
		"JT": [0.002403152489689005, 13.841186813178336, -21.058250953566912],
		"Decathlon": [9.772168523987571e-7, 0.1391296438011335, -48.95860256478778]
	},
	"female": {
		"100m": [9.927426450755418, -436.6751262150712, 4802.020943910274],
		"200m": [2.2422237149251467, -204.01464451600714, 4640.727341815903],
		"300m": [0.6999743364046263, -107.79032021627674, 4149.6928333868],
		"400m": [0.33500597584332426, -73.69744695937138, 4053.1545244198214],
		"500m": [0.18759921580076747, -54.58957565953952, 3971.2592455852505],
		"100mH": [3.982296326193529, -238.8619577730317, 3581.905439308292],
		"400mH": [0.2085649571859701, -54.224906210984784, 3524.4888782501475],
		"4x100m": [0.38950036063000676, -76.33805796594908, 3740.371131674954],
		"4x200m": [0.07949854657178454, -33.706775330029025, 3572.8487462397834],
		"4x400m": [0.015620076884753016, -14.995086303379917, 3598.7788204044405],
		"600m": [0.12900248173204648, -46.43936729480106, 4179.413953724789],
		"800m": [0.0687998934203154, -34.39926191656614, 4299.82212512865],
		"1000m": [0.03819970853323518, -25.211487793725013, 4159.840558570966],
		"1500m": [0.013399996270511097, -14.47186117658514, 3907.3655836022067],
		"Mile": [0.011649998601785217, -13.513881163061658, 3918.99200495456],
		"2000m": [0.006766010458434237, -10.148946030703547, 3805.828825056953],
		"2000mSC": [0.0036359877997066995, -6.7774537305072124, 3158.279723099241],
		"3000m": [0.002538997460958511, -6.0935704285610175, 3656.127933661985],
		"3000mSC": [0.0013229981350113417, -3.9954423351189177, 3016.5498521755576],
		"2 Miles": [0.0021569982582830363, -5.59221385665418, 3624.5803229907247],
		"5000m": [0.0008079992470755316, -3.3935897885513793, 3563.261678007049],
		"10,000m": [0.00017120004503029084, -1.540798503379924, 3466.792517297178],
		"5km": [0.0008086109772535427, -3.3949790882248236, 3563.519547606105],
		"10km": [0.00017119892280575134, -1.540623663796223, 3466.021581705157],
		"15km": [5.9501699566234956e-5, -0.8673501034976469, 3160.820229548388],
		"10 Miles": [5.01614585300998e-5, -0.792892903044795, 3133.291096998995],
		"20km": [2.9561167921603177e-5, -0.6002903493063674, 3047.4915164017953],
		"HM": [2.596036689377907e-5, -0.5606107770835902, 3026.587224520168],
		"25km": [1.8100194097500916e-5, -0.4693548612603125, 3042.7035402869724],
		"30km": [1.22896888563673e-5, -0.3879275225212278, 3061.252393970432],
		"Marathon": [5.950106431745638e-6, -0.271317036805115, 3092.930315063984],
		"100km": [8.739977332149974e-7, -0.106976537438903, 3273.4574422815085],
		"3kmW": [0.000923537267702418, -3.4012984886507973, 3131.6220206806006],
		"5kmW": [0.0003247214016885583, -2.0387046061149032, 3199.987031994035],
		"10kmW": [7.850131933362767e-5, -1.007868632418769, 3234.987258340416],
		"15kmW": [3.387067634299153e-5, -0.6627433846043846, 3241.9561134960277],
		"20kmW": [1.8699883727573465e-5, -0.4936586478417732, 3258.0265828881647],
		"30kmW": [6.890029993008901e-6, -0.2943343933317269, 3143.412735674057],
		"35kmW": [4.92991338066754e-6, -0.25083055204330196, 3190.516585421278],
		"50kmW": [1.990012802720792e-6, -0.15665146940118846, 3082.8568995285195],
		"3000mW": [0.0009230001724474242, -3.400323224525731, 3131.68905297052],
		"5000mW": [0.0003246000429030908, -2.0384849417874764, 3200.4161664440708],
		"10,000mW": [7.849989817193969e-5, -1.0079383485729643, 3235.480591702669],
		"15,000mW": [3.386999558691704e-5, -0.6627677511492874, 3242.258245361047],
		"20,000mW": [
			1.8699999291782675e-5, -0.49367980593016053, 3258.2855414757414
		],
		"30,000mW": [6.890001039159671e-6, -0.2943407589824222, 3143.5584499156175],
		"35,000mW": [
			4.9300001116191086e-6, -0.25083835488921347, 3190.663239910055
		],
		"50,000mW": [
			1.9900000562706726e-6, -0.15665278293517332, 3082.926353309371
		],
		"HJ": [39.55790874452833, 831.3655724459641, -601.5063267491713],